{
"apiVersion": "V2",
"assemblies": [
{
  "files": [
    {
      "filePath": "assembly_data_report.jsonl",
      "fileType": "DATA_REPORT",
      "uncompressedLengthBytes": "8773"
    }
  ]
},{
  "accession": "GCF_000005845.2",
  "files": [
    {
      "filePath": "GCF_000005845.2/GCF_000005845.2_ASM584v2_genomic.fna",
      "fileType": "GENOMIC_NUCLEOTIDE_FASTA",
      "uncompressedLengthBytes": "4699745"
    }
  ]
},{
  "accession": "GCF_000008865.2",
  "files": [
    {
      "filePath": "GCF_000008865.2/GCF_000008865.2_ASM886v2_genomic.fna",
      "fileType": "GENOMIC_NUCLEOTIDE_FASTA",
      "uncompressedLengthBytes": "5664775"
    }
  ]
}]}
